"ScoreCategory","Theta1","Theta2"
"1",-2.20706574938542,-0.205333419623523
"1",-0.72257075788934,1.30146673976471
"1",0.084441176683056,-0.539145223595632
"1",-3.34569770262935,1.63537072349361
"1",-0.57087531118895,1.70295177475515
"1",-0.493944107842426,-0.905882864617341
"1",-1.57473996013465,1.93892144955624
"1",-1.54663185578419,0.775507894504206
"1",-1.56445199909328,0.326183224612053
"1",-1.8900378290441,1.44578744480567
"1",-1.47719269975355,2.28061710689861
"1",-1.9983864448597,2.56513013425123
"1",-1.77625389463799,-0.200546036189495
"1",-0.935541182723731,0.562305033626014
"1",-0.0405059410292287,1.14638148182447
"1",-1.11028549439077,1.06601907555389
"1",-1.51100950580664,0.554963984703492
"1",-1.91119541662981,-1.3421123864415
"1",-1.83717168026894,0.721617632492149
"1",1.41583517848934,-0.181803632344851
"1",-0.865911779847969,1.033125272564
"1",-1.49068589669094,0.162282988159462
"1",-1.44054787235323,0.882388919753711
"1",-0.540410558994146,0.258477428870805
"1",-1.69372024693748,0.591653030816835
"1",-2.44820491038647,0.622229239041282
"1",-0.425244279099272,2.32836671199718
"1",-2.02365572296388,1.71643630684198
"1",-1.01513830036418,0.767710811749039
"1",-1.93594860116839,-0.226226900242667
"1",0.102297546200263,2.04753809093163
"1",-1.47559307886906,-0.436407186823828
"1",-1.70944003751251,-0.182468928386595
"1",-1.50125806059476,0.223795164186844
"1",-2.6290934690787,0.0276864905242505
"1",-2.16761926209419,0.0963424388089272
"1",-3.18003964894867,2.28720394604443
"1",-2.34099319210003,0.893812399012686
"1",-1.29429385876371,0.284129046342933
"1",-1.46589754040611,1.67172219647766
"1",0.449496265287132,1.19763362591688
"1",-2.06864272367458,-0.220096725333635
"1",-1.85536463373751,0.439034879549036
"1",-1.28062300195745,1.53373263441171
"1",-1.99434007629566,2.95031546468388
"1",-1.96851431787205,2.58194322960051
"1",-2.10731819264177,1.83778752223611
"1",-2.25198588563894,0.986930337315524
"1",-1.52382811898736,-0.725795962010987
"1",-1.4968499572667,0.269146426318024
"1",-2.80603125680195,0.784586134653036
"1",-1.58207592468933,1.49020666855371
"1",-2.10888962442678,1.05939342375615
"1",-2.01496200949201,1.05831205292457
"1",-1.16230952355682,2.83836310657496
"1",-0.436944181005483,1.38765089941351
"1",0.647817472815061,0.719449275345342
"1",-1.77335342394369,0.571482262036425
"1",0.605909628857296,1.09532493553194
"1",-2.15780854769441,0.186668591058581
"1",-0.343411535667193,2.36819007742547
"1",1.54899107071786,0.712463969909768
"1",-1.03476038980384,0.471447576522481
"1",-1.66963357966196,0.126987076743022
"1",-1.00760475571097,1.93589307240067
"1",0.777084448143426,-0.277267323022211
"1",-2.13860773675091,0.53126016106077
"1",0.367827179423263,1.31251627333967
"1",0.32956479078236,0.891677698356488
"1",-0.663527202796183,1.25079041733303
"1",-0.993107161558042,-0.316193394206224
"1",-1.45546873816143,0.569924550832615
"1",-1.36652393287393,-0.704109697586131
"1",-0.351713432496852,0.157862634785541
"1",1.07027086133094,2.14825059530873
"1",-1.15339841246697,1.25283153590922
"1",-2.39070094670149,1.08528718612452
"1",-1.72358177711015,0.0663738694787922
"1",-0.741738237832147,0.443180393840368
"1",-1.3170591149612,-0.0163703194207696
"1",-1.17778995766429,1.05352524982115
"1",-1.16999407685454,1.76513360614726
"1",-2.37230188587669,1.2991948153815
"1",-1.17378717041403,0.382384251786801
"1",-0.149767742878116,1.55278731357432
"1",-0.302391288331747,1.38790849886898
"1",-0.450002648908899,1.84321094225036
"1",-1.40273197544762,0.559372413663406
"1",-1.19159377047848,-0.179365373252725
"1",-2.19452787960251,0.915430934641181
"1",-1.05315881874332,1.30277769505261
"1",-0.744803999004167,2.55909373112435
"1",0.705964007240075,0.930337472694756
"1",0.00151325236344846,1.4270394144678
"1",-1.49558344300146,0.91673680172382
"1",-0.644449703000251,3.15639774076182
"1",-2.13460804353385,2.33796805938236
"1",-0.121796373047709,0.767695552604757
"1",-0.0270832466238775,0.872595910052608
"1",1.12111710537568,0.978314595728248
"1",-0.585476465625015,1.11325408438459
"1",-1.47471847352936,0.434904589507526
"1",-0.934006506295539,1.08070038724449
"1",-1.50247778239387,0.304228593411058
"1",-1.82599858712934,-0.0962021329519842
"1",-0.833010720247016,1.80444055775452
"1",-1.89626462624476,1.65664411993471
"1",-0.831814612344243,0.431969322655462
"1",-0.645031738985146,2.27278584148814
"1",-1.05210511687113,0.807456084243029
"1",-1.19593461871625,0.716334781411183
"1",-1.64906975160576,0.0463282870607471
"1",-2.10976723139873,0.975649353965837
"1",-0.150725797344942,0.863014035142478
"1",-0.977637473923976,1.06751839112109
"1",-0.168859382693165,1.44516835983198
"1",-2.24428785134423,1.90660038824601
"1",-0.830973586233825,1.32741056646057
"1",-0.326833693052321,1.99256162675209
"1",-1.02627637644853,2.06540057402709
"1",-1.19139216855602,-1.93048205538058
"1",-1.78190664669988,0.637226257012251
"1",1.05816198776349,1.56993253809256
"1",-0.249498546844169,-0.119635472305036
"1",0.824208302378289,0.0393496413959081
"1",-0.919940358908012,1.27373647191221
"1",-1.63140929896637,0.558576711359839
"1",-2.51328812003373,-0.731487817678512
"1",-1.63609983108505,1.90585484397637
"1",-0.773698467502839,0.159160358493227
"1",0.0136903474657484,1.38634785492597
"1",-0.747249864933658,1.41243011445702
"1",-2.17194831284112,2.52126864304235
"1",-0.331285671474966,1.19656423546082
"1",-2.65010093484436,1.66561035283678
"1",-1.3658522481919,2.14059109224811
"1",-1.31611832883308,0.59361887195241
"1",-2.94824604732137,-0.655561353689291
"1",-0.0799424776090948,1.1429300364911
"1",-1.62287159487887,2.32591430830883
"1",-1.33403664999746,-0.406277660639553
"1",0.395147892529623,2.01213161499515
"1",-0.36332558896105,0.939869157042174
"1",-1.10843169699038,1.09948142428027
"1",-0.486237221595326,0.650778202494128
"1",-0.600728192726042,2.03685327959033
"1",0.662856447430405,2.42415647914163
"1",-0.724106596414517,2.57084879138618
"1",-0.493727376792313,0.0325992669327154
"1",-0.652448024976189,1.75928584434279
"1",-1.37723764749631,0.623810345541857
"1",-0.902380536890763,0.0165905860848053
"1",0.638744645121728,1.38989510110322
"1",-1.87559247418957,0.982049286251752
"1",-0.878240001358954,1.79172460509004
"1",0.362130660844982,2.79239787563701
"1",-1.23462108692271,2.03671688493632
"1",-2.05338280794309,0.304314384439611
"1",-1.86978360563591,1.13962266496932
"1",-1.39012702964705,2.41324549389255
"1",-1.84735007312957,2.17443759629564
"1",-1.2606393920994,-0.584781582664291
"1",-1.41441970634189,1.9464299206338
"1",-1.18305079771943,0.659485914881327
"1",-0.592943902119422,0.374637309296293
"1",-0.375366871797853,-0.101202228982711
"1",0.678205743704712,0.68820453992648
"1",-1.06869365356499,1.68865650538364
"1",-1.32083991265818,2.43527187786736
"1",0.471005717048905,1.13890709820022
"1",0.704329397827098,0.926947613578261
"1",-0.956755962442471,0.797664061888199
"1",-1.33265731913352,1.95379933574217
"1",-2.8222354175631,-0.0811934474420353
"1",0.41126239874678,1.25001870455132
"1",-1.83758243407686,2.02162198057182
"1",-2.12376279439532,2.06185151113365
"1",2.04376588609529,1.41707021007276
"1",-0.764978691749329,-0.162366151369977
"1",-1.03325861011331,0.178915270185338
"1",-3.7322195229558,0.279511742284601
"1",-1.0997905884419,-0.443271968696977
"1",-0.0239682650776036,1.04002033444342
"1",-0.586131084548903,2.22294668396681
"1",-0.0876778383898865,-1.44669391662971
"1",0.983732200684385,1.75838789198152
"1",0.169108514013626,0.797338345876491
"1",-1.50873701541522,0.23086615280499
"1",-0.295819821534488,1.77000881141061
"1",-1.19841627382208,1.64838515883954
"1",-1.53807078888486,1.09621737861886
"1",-3.85575865501923,0.0803566468306294
"1",-1.78964685226376,0.295138222762085
"1",-0.512185364836315,-0.617234062277585
"1",1.16803253951933,2.88089390836698
"1",-0.499305385719214,0.844405639152387
"1",-0.37978979633268,0.245486251218757
"1",-1.96590321013358,-1.16095244416957
"1",-0.837345291881735,0.570538319699597
"1",-3.07823754188738,0.450872095360404
"1",-0.514773179430748,-0.402315882884332
"1",-0.303231221435087,3.38397182312468
"1",-0.814486084416943,1.87294435097848
"1",-0.299266484455539,-0.535665887174243
"1",-0.688318971338641,2.1339752513847
"1",-0.239537638032162,2.04484016061832
"1",0.842463626207661,1.58983068874561
"1",0.112362841262596,1.39910373489487
"1",-0.967336042498556,1.14494918465514
"1",-2.11444896479736,1.61916121760774
"1",-0.581942177614917,-0.0326191060981169
"1",-1.40023523734316,0.350643861724317
"1",0.49349310261748,-0.00200725819238823
"1",-2.60708093984972,0.834119040011497
"1",-1.41575178840152,1.14665629511642
"1",-0.57799162678258,1.60205652414274
"1",-1.15173653653498,1.52905552549282
"1",-1.60615111526422,2.44569584076136
"1",-1.30472106896671,1.59730928742892
"1",-0.370463900115528,2.25631692128956
"1",-0.104828019724461,2.09744204280521
"1",-0.339787368179595,0.41153958690102
"1",1.27348352044748,1.75130128150681
"1",0.173497572632391,1.45351434101759
"1",-0.712290271686213,1.11917823416888
"1",-1.65977009382131,0.0966122916947826
"1",1.91914013071762,1.5879824566943
"1",-0.322584499561672,1.06372874823125
"1",-1.68432034413601,0.645164145063221
"1",-0.813507916919029,1.92249574441879
"1",-1.32439330048366,1.99232536859556
"1",-1.27470421822581,1.87356390179351
"1",-1.93350334058987,-1.61104346110731
"1",-0.883154655013918,0.102683167289953
"1",-0.680839761351883,1.93723531860462
"1",-2.07754212275943,0.254663665199014
"1",-4.23315213292314,1.40853962974254
"1",-1.25487465265453,1.18291267264276
"1",-0.97048216967852,2.10740229118283
"1",-0.405726225889487,0.289628329620362
"1",-0.940864831821203,0.942197630639273
"1",-0.586601105262955,1.34492341671265
"1",-2.09777217457042,2.272654447469
"1",-0.288824742729559,0.822619164757953
"1",-0.281111270145857,1.29040599697828
"1",-0.748348930971032,-0.342848206003922
"1",0.357274436151774,1.63305002993816
"1",-0.595531528721393,1.20681970608308
"1",-0.735635730162061,1.63930734251053
"1",-0.731956095856303,0.589329435032086
"1",-0.563069422960517,2.68535662126586
"1",0.0601239054873643,0.860173895757692
"1",-0.547809603471285,1.12113874885007
"1",-0.336801384312935,0.894320823700553
"1",-2.13637355399084,1.84630489128897
"1",-1.37049751709212,0.231550976076923
"1",0.47696958979247,1.2014624052689
"1",-2.22390375051376,1.57456959846799
"1",-0.741931612603894,-0.245239887982994
"1",-0.594997194566484,1.22771880814336
"1",-0.0241966781905502,0.406197937731335
"1",-1.34887673653991,2.4288107857622
"1",-0.841374560508738,1.70489806899413
"1",-2.76325506654115,-0.725133909400111
"1",-0.661403952900095,1.919284781933
"1",-1.66656502955927,1.21774092677819
"1",-1.23864662432764,0.438675238100801
"1",-2.18776528245719,0.644414372185181
"1",-0.615064678231422,-0.272142166611654
"1",-0.33342048434552,1.38619685165391
"1",-1.30461388945774,-0.638523138014259
"1",0.825011064086296,0.859737222728852
"1",-0.329440629432412,1.45517560783696
"1",-0.0513674267448468,1.08338336199505
"1",1.04940300167091,1.85917332231044
"1",-1.65111360923753,1.05054810455568
"1",-0.191380727153707,3.30894410422706
"1",-0.013419386045437,0.140536825263672
"1",-1.0061707960907,2.53911616866609
"1",-0.680947642068088,-0.614466177348949
"1",-2.01182190274184,-0.0773164583093435
"1",-0.529832452273611,0.0986394529512014
"1",-1.7009703316291,-0.521112361162858
"1",-0.186317137473509,2.48469384506777
"1",-1.81143078399277,2.03370332012997
"1",-0.68060251290054,2.37126649842358
"1",-1.84652265316362,0.391078558542277
"1",-1.24576317912873,1.08559709330906
"1",-2.55285901110546,2.11850749108373
"1",-0.871565967074247,2.06052978815381
"1",-0.0145566105951325,1.56013677357227
"1",-0.816752476932809,1.15814754090066
"1",-2.76622921343046,-0.164173222316639
"1",-1.62053369661594,1.30968619619025
"1",0.656043036998736,0.821506185126295
"1",0.809805385583876,0.345475427978549
"1",-2.17503676801214,2.57615726400038
"1",-1.36670325882764,0.298596262618705
"1",-0.646374551072713,1.24287638937281
"1",-0.680843779132102,1.51603575646107
"1",-1.5799569890194,2.05115476204457
"1",-1.95327870194691,1.36730439621612
"1",-1.17942858694562,2.97321531497352
"1",0.00980821494430328,1.44513674789454
"1",-0.976373385078591,0.511519831509466
"1",-1.6490282195839,1.10251153583565
"1",-1.50437422204819,1.66912924560925
"1",0.614391495458363,-1.19050880817062
"1",-1.44695981125566,0.904435948652975
"1",-0.236823238886685,1.04152570851599
"1",0.471718686185799,0.761399126101995
"1",-0.556335096312584,1.05136853648673
"1",-1.42172187007019,-0.991806360207064
"1",-1.04000162620607,1.34623628474444
"1",-1.49227996822789,1.00302934280113
"1",0.227717117312751,0.507571499233632
"1",-1.14955356524439,-1.86441872259051
"1",0.549983383982463,0.588787263102157
"1",-1.56161253538131,1.11820853805227
"1",-1.64711725063236,0.928839232231993
"1",-0.856867840949573,0.391302571045195
"1",-0.975811352008949,1.32164528804192
"1",-1.50445152458087,0.089510467957297
"1",-2.58139680993034,1.69928104731946
"1",-0.969933578744582,1.82573237519313
"1",-1.7165766990707,1.95754341191487
"1",0.082610955476119,1.79884627036529
"1",-1.95268545493929,0.647872789949971
"1",0.126482729009157,0.975053171764224
"1",-1.64904301737912,2.24507337169485
"1",-0.707529921593274,1.61094195854966
"1",-0.101297275597263,1.34688303266061
"1",-1.51874235679187,2.27917971095465
"1",-0.445561447654875,0.373154158130359
"1",-1.08797367118401,1.02526327160146
"1",-2.13521292940752,2.30150900263725
"1",-1.2700796109999,0.750210305432293
"1",0.619789877534936,1.1349983447954
"1",-1.21413117369664,0.853326769389112
"1",-1.81778246292496,2.23393059413951
"1",-1.05402292408161,1.13542598236762
"1",-0.669858390142131,1.0672402924147
"1",-0.0446753853426007,0.31877789148867
"1",0.143959877792441,0.5815370597461
"1",-0.899477601624937,-0.569214209081985
"1",0.164575245657383,1.40958654077477
"1",-1.76425994779915,1.84780319293457
"1",-3.3445134046903,-0.337384309552465
"1",-1.47168342552954,1.40135472863779
"1",-1.51585548950739,1.32893589749903
"1",-3.31603615150256,1.19532100004021
"1",-0.437528243030467,1.07146261011216
"1",-1.78377513942238,2.6349332608997
"1",-1.22605398622817,1.3330070775793
"1",-2.58710298765404,2.40181262288016
"1",-0.452475798131684,1.45101702086016
"1",0.891227017355481,1.48732359573994
"1",-1.87807711022404,0.460262544888466
"1",-1.11255891104479,3.69090741575432
"1",0.948713064975991,0.940183924310684
"1",-0.066183667792273,0.50252413213957
"1",0.913059421697048,1.38241714991964
"1",-1.00523405793194,1.40918017843792
"1",-1.15226004892164,1.72374592278896
"1",-1.50963165717912,0.0850754256275321
"1",0.434573703426117,0.862814908480441
"1",-2.28583853233299,2.57429327787333
"1",-0.692685784744982,0.517082296957241
"1",-1.04631853327738,0.643809486889434
"1",1.25184180012688,1.61022227422258
"1",-1.60803372860971,0.393964852632964
"1",-2.50928816985104,2.13451200339725
"1",-0.767368230491424,1.42246828892729
"1",-1.03964869605109,1.08954971140714
"1",-1.83912506750535,-0.591713993963623
"1",-0.867708911755844,0.652832985756971
"1",-1.27552474670594,3.03429598442535
"1",-1.67875864126803,0.71409484440775
"1",-0.499164068224175,1.6543787829822
"1",-1.33166231200679,0.0752523830305224
"1",-2.83498025077253,-0.590703039254043
"1",-3.65174124837268,1.7093984696494
"1",-1.58058217208441,2.44932679629708
"1",0.45418687087119,-0.544380309384043
"1",-0.161870620035307,1.8460692482214
"1",0.215053580446136,1.33093247067837
"1",-0.0174945572672054,0.633812689140857
"1",-0.684235975981569,2.74928498341616
"1",-2.50706262771632,-0.00514496145599663
"1",-0.794430212833723,0.882560701158158
"1",0.59722809034381,1.6685055465381
"1",-4.39606353457436,-0.0824740214328319
"1",-1.78135228430208,2.10596780578619
"1",0.102464640751907,0.885846618065514
"1",-0.471254980554707,2.2291483044291
"1",-0.210605596485146,0.976703183908332
"1",-0.542900494143919,0.264894533379828
"1",-0.461166884341877,-0.340514833133521
"1",-0.985356877588899,-0.373065892371839
"1",-1.91648913570309,0.850942906026065
"1",-2.22681509076765,-1.00627595919716
"1",-0.963847131869777,-0.559568537418094
"1",-1.42139311357139,2.96270156915108
"1",-1.8993644084629,0.821681776394367
"1",-0.582558682513438,2.35762067316143
"1",-0.84655526313599,2.64899204713817
"1",0.463283045193246,1.11948457059363
"1",-2.12150249732554,1.00362061633761
"1",-1.51778808305502,1.19644344592465
"1",-1.07494708833852,1.6797395067307
"1",-2.40779008143908,1.8011248449644
"1",-1.28470586811048,-1.01520057977609
"1",-1.70817117821338,1.04739598808669
"1",-3.14763900113752,1.61309660685985
"1",-1.28383716061136,0.829981518946601
"1",-1.53407216397609,1.22575952443179
"1",0.133010194154195,1.89240414112506
"1",-1.60406892284766,0.852386901243541
"1",-0.442488404407528,2.53718231037047
"1",-0.857370706744913,1.45261935487076
"1",-2.23686021484532,-0.595694252570537
"1",-0.62585602749681,0.812834707966271
"1",-1.10608612346645,1.56763446812895
"1",-0.833938013490951,1.1626791167636
"1",-0.341965151657594,-0.37198301292582
"1",-0.886037080028614,-0.883952511691334
"1",0.585159164031191,0.931952991835271
"1",-0.884446559556676,1.68730693385291
"1",-2.25399903928352,0.291999271227847
"1",-0.25813522069926,1.37767726881616
"1",-2.22290161499985,1.58075773927448
"1",-2.91889413176211,1.97462609239334
"1",-1.80993638992079,1.58745250933105
"1",-1.74467722878528,1.24527877882343
"1",-1.6075059226932,-0.566003704171696
"1",0.606759566064937,0.491871851906143
"1",0.635599446283628,1.85827885392439
"1",-0.273908903301508,1.4518667192148
"1",-2.27383492504346,0.102095763146867
"1",-0.97685344456666,1.31901114488487
"1",-0.512878766173522,0.906035489420225
"1",-1.13702750326973,2.26430832492208
"1",-0.828254517543991,0.965990634721358
"1",-1.94479391489999,0.611830969872065
"1",-2.28762030600621,0.739545168090662
"1",0.407765738751031,0.122565485912887
"1",-0.73262731094684,2.29275143050665
"1",-1.40839764214601,1.16518785360755
"1",-0.674728780083059,0.396792924288504
"1",1.06248097311935,1.39860390080151
"1",-0.637333044336049,1.85895212545866
"1",0.411404644703897,0.578087531430616
"1",0.367544314575427,0.694511110570303
"1",-1.40717614712154,0.94081198549152
"1",-0.237458269114147,-1.00187218795239
"1",-1.65120082303172,1.15543642135745
"1",-2.47365577946832,1.04256222751568
"1",-2.20166579640511,0.737960801205843
"1",-1.14872047813009,-0.0211932583223045
"1",0.797062428552308,2.06535710343492
"1",-0.895191282144429,0.542409162124477
"1",-1.80283797335148,1.13530391287928
"1",-0.769625035836325,3.11278759570127
"1",-0.302024806781912,0.408166304613595
"1",-2.29520173194588,0.331262105954218
"1",-2.05468021797766,1.15387874093147
"1",-2.94160748967507,0.714608388400748
"1",-2.26956059300372,0.507303560799024
"1",-1.88743881081611,1.4097715393881
"1",-1.29191576270319,1.22935645078686
"1",0.41009405297303,-0.0746256333173263
"1",-0.11135856973606,-0.380750854438471
"1",-0.727025680309739,1.59823324144569
"1",-1.56664146602619,0.160531357852251
"1",-1.04020693743657,0.0445749399526522
"1",-0.452387754698937,2.23621807067256
"1",-1.50403332160554,1.0759841521696
"1",0.0590701295587992,0.460427092365222
"1",0.0974535664357874,1.77353811942751
"1",-2.16650462962559,2.30430052382949
"1",-1.74691131008606,1.98510997410927
"1",0.206738733339267,-0.0117215106861759
"1",-2.68721988054335,0.393970974281608
"1",-0.580290105093673,1.31672605550687
"1",-0.766501238361204,-0.364691108645288
"1",2.19590119785739,0.618033720472336
"1",-3.72968034122695,0.985707258848248
"1",-1.84079580142405,0.934581868001034
"1",-0.325971331349544,1.22343241886172
"1",0.67432650967139,1.18318216667889
"1",-0.160312916159506,1.89066124222916
"1",-2.42836843555519,0.946928155179908
"1",1.23938816916782,0.170141884484918
"1",-2.75726622410175,0.878970902174891
"1",-2.11301608790466,0.790341956565162
"1",-1.04314039061333,1.03958956171276
"1",1.2255869089066,2.48099019747618
"1",-0.49368341266178,1.56666005839204
"1",-0.269603948564232,2.78958035863141
"1",0.728077594736817,2.11404785115473
"2",2.48477996831456,3.49407452864789
"2",0.275262124035734,0.335451100103547
"2",2.20972621806583,0.992560015000281
"2",1.39078000742194,1.14371565411251
"2",3.28260789538833,1.38991890624728
"2",1.25655532039702,1.32382066427167
"2",-0.0271070222546108,2.15852600842686
"2",1.99183437146662,0.438850850568872
"2",1.85450366092699,1.17253483679385
"2",1.48237365236962,1.14318577820146
"2",0.443449677882775,1.32556127378398
"2",0.661085333921731,1.09560001901894
"2",1.48737428350957,2.90312707053266
"2",2.53811014600433,2.46887323340547
"2",1.13554228609494,1.93835102324136
"2",0.628550527814605,0.284971858611315
"2",-1.2042030254467,4.63377438660602
"2",1.99424983654065,2.63502575735832
"2",1.92734032499911,2.93388452172586
"2",2.80919086010968,-0.191384721798052
"2",2.9667226423107,1.47734870688206
"2",1.35694393370538,2.46812752836091
"2",2.79851372621074,2.08795365826285
"2",1.50131354755592,2.30913303155833
"2",0.823589924314419,2.29051860827632
"2",0.651803403114532,1.26485924671455
"2",1.15305889959256,1.44923010150099
"2",1.72747944302707,0.773730616276688
"2",1.47259859638889,2.78743580325344
"2",1.70087779058503,-0.243959215904213
"2",1.6989426718228,1.41937956166365
"2",2.21459935608369,2.51207755667137
"2",1.22681822511015,1.49229631299196
"2",3.13534745793173,3.15075731996683
"2",1.93769388647964,2.54149317815536
"2",0.30646414925092,0.834262177870623
"2",1.22335019580082,1.64012219329904
"2",2.01588305053512,1.71153115324976
"2",1.08894466791366,1.96911145139178
"2",1.84499504947257,1.17183949407659
"2",1.93439586083114,1.08292615863329
"2",2.80347768300503,1.43762748497832
"2",0.848304089266924,2.61234717100544
"2",1.48311913767201,2.82361058688565
"2",0.932307544706409,1.09648028631747
"2",0.372867130236716,1.75532339363837
"2",-0.348970311179033,0.699341567115193
"2",1.69552905518189,0.941821170860776
"2",2.10156522519559,1.08856418549474
"2",2.13915815978993,0.383277736792065
"2",0.110007182537919,-0.307415017217169
"2",0.370322146602415,2.46800212752914
"2",0.358845805162432,2.10576131350423
"2",0.811328500399114,0.868284121083958
"2",1.67019781815213,2.65807577311228
"2",2.09448342725741,3.51071925143842
"2",0.684967349275043,-0.850014484827795
"2",-1.36434683706673,2.85025508071742
"2",2.45382348170826,2.92789365442077
"2",2.11528477061344,1.85210316268381
"2",0.799129299449737,1.17691619081263
"2",0.42633865853021,0.598406635654162
"2",1.20000880320026,0.820269718587024
"2",1.60810656280257,1.06329974224591
"2",2.22320076358767,-0.405931430842901
"2",2.89009509607427,1.05374163987757
"2",0.651116601621596,2.68679342631946
"2",1.7907228446435,0.94509985406741
"2",2.83417603370242,3.26520486289813
"2",0.598657844740917,1.64995073900847
"2",1.27723658706715,1.8110287061467
"2",-0.271468028203399,2.17547104599742
"2",1.78742225011445,0.760996095292861
"2",0.858808237676001,0.925954380357019
"2",0.575062357761053,1.27644153276736
"2",0.720022530814677,3.47287949441054
"2",1.94450337359437,2.12655065833029
"2",-0.66246900261166,1.60552982691128
"2",1.07448910007905,0.583404566184337
"2",0.486282340795454,1.61256485347046
"2",0.537880971696253,2.09252609017327
"2",1.97463462727736,1.33937783074627
"2",1.85175426960454,0.81201563838252
"2",1.39297964375302,0.753583446204144
"2",2.03751725660035,1.48008844392544
"2",0.89789510155187,2.04222011692021
"2",-0.523297645333681,2.66992412941553
"2",2.65442128059814,0.364546859802881
"2",1.26930700230589,0.899120524593854
"2",1.13491123178509,-0.346796344184068
"2",1.65751792937572,1.81005621819368
"2",2.2659322229844,2.4161003737353
"2",1.92608696620231,1.95412060237561
"2",2.42726539996531,2.92876218801499
"2",1.54613459284049,2.28340400595612
"2",0.995714356908889,1.11287522627104
"2",1.19955059164444,3.1466653579162
"2",2.32291597864587,2.14339403542803
"2",0.650731203870961,2.27794688571545
"2",0.546389904318804,0.778165036122719
"2",1.81347871588258,1.45067329483484
"2",2.11247330743331,0.478101353624333
"2",-0.191083227536882,1.62746035395449
"2",2.28469862744232,3.06490124503674
"2",1.51192513526002,1.24246898015577
"2",1.31874471213004,1.76520021936009
"2",2.60695440248067,2.4839803359237
"2",2.97939487098826,0.112291926835199
"2",0.352600559000158,0.330635686761832
"2",2.511654376514,0.772480197377641
"2",0.867930805025118,2.00084155983022
"2",1.63236131951909,1.78046894610394
"2",1.98092606472532,2.94674683051722
"2",1.63317762758461,0.465550899794977
"2",0.0371355376718063,1.26093070567735
"2",0.993598219525259,-0.401593953055599
"2",3.03966323733755,3.31875617137326
"2",1.67279361838729,2.78432849074413
"2",0.664176075920322,1.05919909308699
"2",0.844071296120392,1.44718017374294
"2",2.55756608653532,1.56517072677753
"2",1.84608348986537,3.49535599171382
"2",0.602813458006306,1.73839671736902
"2",1.50626521125563,2.11299828889006
"2",2.09667050907573,2.39957212296699
"2",3.22255180794401,2.38979094457615
"2",0.618250516590655,0.0289405347081175
"2",1.12005404483313,2.44004830752263
"2",2.49611001587376,0.775875100886237
"2",1.04087910705616,1.66831142668903
"2",2.96026574621257,-0.227792981520229
"2",2.54324617695035,1.91430302967833
"2",-0.159040970346835,0.69496113449304
"2",1.9239577762274,-0.478953492289793
"2",0.0808370738147608,0.027450869445089
"2",0.0353075433293175,0.279277864448983
"2",1.57042097214783,2.25053163877836
"2",1.55669822198027,2.01043317691679
"2",1.46729182273441,2.38507391296196
"2",2.76428122406637,1.16808950918317
"2",1.79498788573024,1.88178545986328
"2",0.826913179495511,2.11159617779636
"2",1.61958829149096,1.61494095104168
"2",0.985603491008706,0.593293796463908
"2",1.43188842613346,2.82913359573999
"2",0.351988088163257,3.36801562437414
"2",1.38475551987083,3.71910292593947
"2",1.60293639184901,2.59254803557245
"2",0.798256512896861,1.51279531679218
"2",1.54123062427029,1.5723025843893
"2",0.851231649401521,1.39466986034193
"2",0.855992140533557,1.43713316214369
"2",1.29556117493363,1.64853135557367
"2",1.99084091766159,-0.272663359734043
"2",1.29466301272947,1.71122825038515
"2",1.69069132392526,1.93534485729383
"2",2.47002419266112,0.749630146478888
"2",1.21473892215293,-0.0571479751953319
"2",1.39638073145823,1.34003934908483
"2",2.01125454120371,-1.42158955842453
"2",0.241837549984278,3.37254711224307
"2",2.04382596895619,2.39054981644897
"2",0.965036413417011,0.723329679928879
"2",0.361953973219928,1.71513417560489
"2",-0.268003770875654,1.53454582474957
"2",0.785021797132258,0.039786631473133
"2",0.329797735640379,0.821565619734496
"2",0.321551851580541,2.66581583860238
"2",3.12729133795333,0.544178693265998
"2",0.287853334371467,0.948604288384399
"2",2.49750991744129,0.954915644145259
"2",2.04524564142017,2.92705248547405
"2",0.61521088482488,1.50914200617858
"2",0.888769302118629,2.25431074597468
"2",1.08980048716664,2.47143312710373
"2",1.69040936983681,1.31993320020924
"2",1.15167507104066,0.571448611644023
"2",2.32684753028499,1.87010177703998
"2",1.20731309769728,1.34145766794893
"2",-0.665346209963241,3.1429384906866
"2",1.40378322379662,1.18005313675673
"2",-0.351956846248585,1.38935790560068
"2",2.43781113523209,2.38273746460155
"2",0.752313518560503,1.03642157963457
"2",0.384758564299835,1.68204945136309
"2",0.908493584701176,2.19659101653161
"2",2.08523068390919,1.2957252994943
"2",-0.418558199309863,0.48835118978589
"2",1.75381679150409,2.01274371673616
"2",0.527758233753831,1.42013813581033
"2",1.49148655196198,-0.319855134544716
"2",2.17904191100748,1.96957886317779
"2",2.06963136669242,1.83179925086918
"2",3.0029616611284,0.0212287296184672
"2",1.62908540116547,1.17412049669595
"2",0.798817048323382,1.52487537655488
"2",3.65370721597723,1.14336923660839
"2",1.19675386173825,2.25184840910852
"2",2.30757977690801,0.123948486719737
"2",2.43099146612641,0.745707227608865
"2",1.95490209827293,1.25013657540147
"2",2.9254206900636,3.14390639515157
"2",1.29100882748725,1.54474591118618
"2",0.268597220909392,0.678281092010101
"2",1.13939642284665,3.23846974718311
"2",0.952786700515944,1.46882402587354
"2",1.82799600751447,2.25192386215171
"2",0.566700167906343,2.82179403686998
"2",2.18081082480018,2.10954539235249
"2",0.336117599813643,3.00026152604088
"2",3.25544950988335,0.909078728464784
"2",2.94963736425491,3.29861945374855
"2",1.05120505878892,-0.122900273504442
"2",1.64006728893046,0.724636886023151
"2",1.12634967182242,1.11353934114822
"2",0.293565882761915,1.93310955180241
"2",-1.16134597494101,1.22655137517466
"2",1.47490550673441,2.28311098068857
"2",1.46562674275094,2.12002944729188
"2",3.14235903904485,2.37886090857055
"2",-0.495462147538831,3.18246102516947
"2",0.837829241397591,0.274715962238146
"2",2.38003799231003,2.66997498065008
"2",1.84238742000164,1.43453423213813
"2",1.62175385552379,0.89689444931483
"2",0.879238965488187,-0.0770341019159637
"2",1.70094526757402,0.850963108374332
"2",1.26409465197666,1.40052178085398
"2",1.61366111497023,-0.240244479189851
"2",0.922070804712182,1.33996721236615
"2",2.68856488583833,2.21010618716982
"2",2.55993627812147,0.402029581470355
"2",2.83675821086468,1.69515259765206
"2",1.13283082886978,0.355147765111034
"2",1.19566329522161,1.64831581476884
"2",1.14972037576429,2.59484979335908
"2",2.87414476272802,-0.479882272794187
"2",1.20027950812493,4.00641643226721
"2",1.59763514422523,0.532249644449067
"2",1.88118802872372,2.64042971867315
"2",2.17821255681878,3.77910159606188
"2",1.23232672776573,0.756175976726657
"2",3.84596566433491,1.02454585487364
"2",0.572505344475171,2.72165032799741
"2",0.0734428263022617,0.882496569333024
"2",1.54230266438981,0.742879265989013
"2",3.26744347000481,3.2811192798267
"2",1.55275032714537,3.46644280148737
"2",1.60972603996997,1.47296484111446
"2",2.36320261555815,3.98111019497527
"2",1.40102679523038,3.60374721659382
"2",1.60369654608622,1.63137846349919
"2",2.70848487568464,0.886140860733329
"2",1.59374602105277,1.02674468560267
"2",0.747803481053917,3.102030463378
"2",1.89492421987266,2.24001660829658
"2",0.408479566012581,2.34227416879848
"2",0.0417075750043059,1.68728023501304
"2",1.37728771504425,1.88287955322963
"2",0.399070808331604,1.21148541976927
"2",2.08092307183976,2.83523673607646
"2",1.35305251064021,1.37394897775078
"2",0.733665384927646,3.69186253382779
"2",3.12289757854462,2.28677289435209
"2",1.39005945596401,2.68833322371712
"2",2.92170485426206,3.17562393528371
"2",1.3865789510036,1.65304662014389
"2",1.17071905841885,-0.06753109920023
"2",1.87346098359714,1.0903660282301
"2",2.52988813093981,2.29325691225055
"2",4.20577504719934,2.90338721999315
"2",0.465054128750755,1.90825682693907
"2",1.31657014135927,2.53913935853181
"2",2.57777130745133,2.64304143399232
"2",1.84162022529879,2.7280931190928
"2",1.31265637588133,2.44756384421526
"2",0.197140891470525,1.50857293471377
"2",1.22134173802433,2.72469016466156
"2",1.31524609154173,1.19577802523955
"2",1.41822250282644,2.04854885945376
"2",3.11224179372707,1.19062612481006
"2",1.03806016049533,2.17782445730895
"2",-0.0760503008186357,2.20098539560201
"2",1.99643307353113,1.5944194827226
"2",1.38804621618103,1.72730873890106
"2",1.29565359978803,2.13371580457113
"2",2.1355681628564,0.56893551555668
"2",-1.40667395407155,2.72068690052451
"2",0.946341747239045,1.96927428999677
"2",1.34654817174908,2.2485486413912
"2",2.10529051576044,1.53057883764132
"2",1.23899340381564,-0.178440249950492
"2",0.494861537588748,2.44830719512744
"2",1.87256611431258,1.43989985999219
"2",1.51944617652012,2.31826065906371
"2",1.61052881539528,3.74793696163662
"2",2.65657043692358,0.544375162022138
"2",0.957779539788237,3.05294140674424
"2",0.250798716580918,1.33247801839008
"2",0.219987403246809,1.64168953671932
"2",0.476067212209616,1.16778190756221
"2",0.112349420011937,1.20149952264239
"2",1.45077888559387,0.549860422424144
"2",3.31096073048314,1.82624092272811
"2",1.40048993429173,2.17286389917113
"2",2.27723712429738,1.51347478479356
"2",0.397403674819987,0.08071355004172
"2",1.27835521729821,1.29724095378059
"2",2.0660949625959,2.11281224180517
"2",1.14504065474494,0.979280595939476
"2",2.28526260146804,1.10993476958089
"2",2.1940473785994,0.530373382138334
"2",0.867270104415045,2.29145664607184
"2",0.728041358038692,1.03136105099826
"2",3.8578173876011,4.86793764721646
"2",1.30745066364019,2.71303941735815
"2",1.5066193342142,1.53401268034862
"2",1.44545397537264,1.70241647226761
"2",0.931793119459624,0.982698016825588
"2",0.573024056303355,1.98133802830802
"2",0.364264818619298,1.70728189711361
"2",2.41396233905445,-0.029700226408333
"2",0.513937166677127,-0.143473616409202
"2",2.16748541348963,2.30120303141026
"2",2.90659548970662,-0.61793757081662
"2",2.65777896011788,1.31968792628043
"2",1.36124680242647,3.35516490019156
"2",0.960678149039862,0.0371449509844664
"2",0.421106500938483,1.99472966578159
"2",1.48143786004889,3.26990143919341
"2",1.2673843143213,2.21194689676205
"2",1.65629354251416,2.98590240106394
"2",0.895990245245967,0.732485246440287
"2",2.12903512012167,2.33238935450673
"2",2.21416957085202,1.88307866764632
"2",2.57588610128876,3.05011611692373
"2",3.74975551737932,4.18732767144425
"2",1.69789059887929,1.81466169708147
"2",0.924453681521296,2.79574036400398
"2",1.42267913499541,1.29729012880704
"2",-0.127919889101019,1.34093028564553
"2",1.62992315396904,1.14721177008355
"2",1.07432686673994,0.345325019724337
"2",1.90601174852113,1.77333886206226
"2",1.23118981436193,1.66101147000787
"2",0.119015463702295,2.42186988398137
"2",1.53658332134456,1.48508104219382
"2",0.146755468823613,0.784415066226516
"2",2.39700619394226,1.57156145919783
"2",-0.329359712263925,3.54021048782139
"2",1.35812305582801,2.15053125599064
"2",1.95798177784278,1.97479367766071
"2",-0.0196175130899865,2.75637641799707
"2",2.89905531466027,3.49205427905425
"2",0.614660809096977,3.41081921609865
"2",0.993669708778679,1.26857106606254
"2",1.66333210596633,1.62072313561489
"2",1.16285614374161,1.33677495549941
"2",0.464048467990175,1.4990095269631
"2",1.90933792821671,2.15128192983634
"2",0.975776541783114,1.22005801519779
"2",2.00650037352418,0.534474819873298
"2",0.995277137225292,1.46105602870942
"2",0.542749671046496,3.14983465190903
"2",1.40536564154674,3.55287387225315
"2",2.14943931761058,1.29676849553722
"2",1.74232179932707,2.52696831595617
"2",1.44106590973829,1.57086509758736
"2",-0.447794071576176,1.57847311320163
"2",2.95144363189149,1.02572671519954
"2",1.46006032236228,0.121566201205592
"2",0.636002308930089,3.50207639644711
"2",1.29830976028748,2.50111681386451
"2",1.76125556272743,-0.0922647275081712
"2",-0.0183513833058624,1.35258127372455
"2",2.2173086322758,3.25431592932965
"2",1.74683272809642,1.8064927931859
"2",2.70276704630509,1.89250892067048
"2",2.48603927044735,2.54922796714094
"2",0.962059400937761,2.69051461175327
"2",1.00971725818604,2.3275822116448
"2",0.504483827437553,2.11521548555604
"2",1.13829707174539,3.17493906483472
"2",2.44435481129692,3.40947207391152
"2",3.29220701161545,1.92835960194932
"2",2.4284093958643,1.49188311793936
"2",-0.329937669630684,1.71214575527235
"2",2.32187810616312,2.04972266325496
"2",2.5362687620034,1.02235535759013
"2",2.1174201441298,2.34218267919739
"2",0.645069636881214,0.410561964730636
"2",2.56451051848471,3.92606725497448
"2",2.22948145810367,-0.783419358975882
"2",2.16265658435809,1.87283427870576
"2",1.11859279729576,1.64109585234552
"2",2.34589177779358,2.24745229730498
"2",1.61159188444581,1.28952639789569
"2",1.43222973834396,4.1024051603136
"2",2.98709809651828,1.55577906055765
"2",2.25722337664623,1.72339644283464
"2",-1.37404249339871,2.82412194136023
"2",1.07345755092252,2.39777449047275
"2",0.0125937043680255,1.88090747869435
"2",2.08879164571094,1.53039716959421
"2",1.05740048922422,1.46547195264732
"2",2.4013048023202,0.345069307162952
"2",1.96782834036769,2.32995607852048
"2",1.52204031866703,2.14727015251654
"2",1.41489216820439,0.65595814154325
"2",1.13873285734654,1.51271442537623
"2",1.69950650153727,2.98729087029212
"2",0.391745745299695,2.97409281326188
"2",2.17279407048635,0.478838641807643
"2",1.10588636662636,2.50202190654962
"2",0.756032414415008,1.82683070070261
"2",1.17388652321659,2.08851485718354
"2",3.37466882681447,0.827803826788611
"2",-0.257999145346737,1.49291300999102
"2",1.15113909003513,-0.358412688972055
"2",1.60658922911839,0.960876682885504
"2",0.962341218794853,1.39337787562458
"2",1.08873086808816,3.00341763353321
"2",1.88234833797612,0.641340144944892
"2",1.72251408854264,2.00172018583522
"2",0.826245491680299,1.78997318683277
"2",2.06743291387052,0.336607749428879
"2",1.67948365476,1.9825238713036
"2",2.18634174948803,3.28069945043383
"2",0.172736338516588,2.64004024632186
"2",0.732083561777668,2.83143023201082
"2",1.30729749132721,1.48630409930615
"2",2.45905119808221,2.65783890475
"2",0.970968638020558,-0.670809629535672
"2",0.467113009049144,0.446741390645156
"2",2.27174549044741,1.52515204836704
"2",1.96535666419853,1.80851159290109
"2",0.274328933086025,2.21692045431265
"2",3.54667724022033,2.42163438594481
"2",2.99867444889729,1.2400561672237
"2",0.111050915323158,1.21838845348883
"2",3.65337646372281,1.35072467774652
"2",-0.229116740549364,1.13823402815629
"2",1.60204248509449,1.57529730160193
"2",0.358720872502906,2.57755232786063
"2",1.12299091179622,2.16334691360602
"2",1.15121790123795,1.26063466367055
"2",1.82288508122856,1.0075827075032
"2",0.375660382059842,1.59554720640944
"2",-1.25704972232067,1.49200008743287
"2",1.40418890088027,2.91930841222822
"2",0.753300195043351,-0.570435699019439
"2",1.71078141800538,0.726547330951652
"2",0.651490191491181,2.32119025904558
"2",2.29226476570434,2.36256167229789
"2",1.52918743257565,1.04900975127976
"2",2.10338801248379,1.49126293144572
"2",0.505059895186552,3.49691164714174
"2",1.28866754185624,0.601221585105588
"2",1.84402108749618,3.47774209175325
"2",1.41062147101646,2.01694440814458
"2",3.1540374665165,2.74957642163157
"2",-0.462908713208974,1.17371921499326
"2",2.25612551149949,0.579787463697598
"2",1.51441865794305,2.09825949406673
"2",2.44571380406079,2.12130680300369
"2",1.40119150761372,1.27484635094942
"2",-1.23975424338714,0.823008994018896
"2",1.92030584942315,2.99999660430953
"2",1.28162073773902,0.363213243505004
"2",0.510644670401746,3.12924242973265
"2",0.843531103815461,1.10530687991355
"2",1.55566354820131,-0.182686457820206
"2",3.95206344477497,3.880311231724
"2",1.68817357373771,2.07877727864363
"2",0.520303631622299,0.630687171295014
"2",3.40361046750456,1.32485501837805
"2",1.06148021780439,0.905202281537618
"2",0.670273904414537,2.01512286871127
"2",0.252768681237999,1.83393938568366
"2",0.826190836912209,0.459448424421155
"2",3.43516726396696,1.956480536921
"2",2.40656143486408,1.02592979325425
"2",2.23652677142708,2.33322735378512
"2",1.64662530404513,2.30236487324394
"2",1.783120796739,1.66596631347373
"2",2.08927672077013,0.91029363945098
"2",1.71584947657704,1.22956444578579
"2",1.65505323487432,0.687181862372301
"2",2.45382663630385,2.53355327007342
"2",1.33414729752071,3.05402356223174
"2",1.75500374557096,1.75007271198645
"2",0.602527640645341,2.03688075564445
"2",3.08397010470279,1.4910011266806
"2",2.89275862816597,1.91845998789684
"2",-0.312258231728922,3.57347520792372
"2",1.28368032141054,1.9617218049717
"2",2.04985605671088,3.03469451935642
"2",1.98273623751758,1.9477466461451
"2",2.26084872895007,0.324215138816391
"2",1.05434198306599,0.509460218242691
